Feature,Importance
Balance,0.24383136957605997
PrincipalAmount,0.2119082015516583
InterestRate,0.18377298683694437
age,0.1817323973895212
AccountAge,0.08602225755958762
AccountType,0.05753250177138722
AccountStatus,0.02098355165501011
CustomerType,0.014216733659831038
